{
    "items": [
        {
            "Name": "Desiner",
            "TextColor": {
                "r": 0.12735849618911744,
                "g": 0.35387951135635378,
                "b": 1.0,
                "a": 1.0
            },
            "FontSize": 18,
            "FontStyle": 1,
            "ImageColor": {
                "r": 1.0,
                "g": 0.5318796634674072,
                "b": 0.0,
                "a": 1.0
            },
            "ImageType": 4
        }
    ]
}